{
  "n": 98,
  "n_parsed": 98,
  "safety_reasoning_rate": 0.02040816326530612,
  "first_position_norm_mean": 0.041666666666666664,
  "extent_sentence_count_mean": 0.22448979591836735,
  "extent_fraction_mean": 0.009870129870129871,
  "first_section_hist": {
    "output": 2
  },
  "span_category_hist": {
    "refusal_reasoning": 14,
    "safer_alternative": 8
  }
}