{
  "condition": "ships_top8",
  "tag": "ships_top8",
  "judge_model": "Qwen/Qwen3-30B-A3B-Instruct-2507",
  "n_completions": 98,
  "n_prefix_rows": 2448,
  "monitorability": {
    "n_gap_rows": 84,
    "per_condition": {
      "ships_top8": {
        "n": 84,
        "asr_final": 0.6904761904761905,
        "asr_cot_pred": 0.75,
        "gap": -0.05952380952380952
      }
    }
  },
  "per_condition_basic": {
    "ships_top8": {
      "n": 98,
      "n_parsed": 98,
      "harmful_rate": 0.673469387755102,
      "refusal_rate": 0.10204081632653061,
      "reasoning_rate": 0.01020408163265306,
      "adding_intent_rate": 0.08163265306122448,
      "changing_subject_rate": 0.29591836734693877
    }
  },
  "coherence": {
    "n": 98,
    "clean_rate": 0.9285714285714286,
    "empty_rate": 0.0,
    "gibberish_hist": {
      "clean": 91,
      "mild gibberish": 7
    },
    "repeat3_mean": 0.8368476350849747,
    "compression_ratio_mean": 0.10053016389980693,
    "n_clean_judged": 91,
    "harmful_among_clean_rate": 0.7252747252747253
  },
  "n_pathway_vectors": 98,
  "per_condition_pathway": {
    "ships_top8": {
      "n": 98,
      "mean": {
        "recognition_rate": 0.19399848829392688,
        "refusal_initiated": 0.05102040816326531,
        "refusal_suppressed": 0.0,
        "rationalisation_rate": 0.000661079478813469,
        "execution_rate": 0.7340279960147937,
        "operational_detail_rate": 0.6961502234413761,
        "first_execution_idx_norm": 0.15419291940378635,
        "recognition_to_execution": 0.05102040816326531
      },
      "dominant_pathway_hist": {
        "direct_execution": 5,
        "recognition_loss": 65,
        "none": 21,
        "sanitised_compliance": 7
      }
    }
  },
  "pathway_judge_model": "models/pathway_judge_14b_merged"
}